data_seed,training_seed,model,native_objective,probe_validation_mse,native_validation_mse,validation_descriptor_distance,validation_input_permutation_entropy,validation_latent_permutation_entropy,validation_squared_difference_permutation_entropy,validation_input_binary_lz76,validation_latent_binary_lz76,validation_squared_difference_binary_lz76,validation_input_lag1_correlation,validation_latent_lag1_correlation,validation_squared_difference_lag1_correlation,shifted_probe_mse,id_probe_mse,shifted_native_mse
113,303,qte,forecast,0.049843882095690635,0.062132991155568223,0.0003456495082225364,0.9736787732128489,0.9826328856261888,8.41554165033022e-05,1.0730657589925767,1.0455512523517414,0.000946310094610717,0.529406171985189,0.5333431734202413,6.483013553589986e-06,0.09364710303581832,0.059117940373613176,0.12108752759566921
113,303,untrained_qte,forecast,0.049996835794346,0.07000003611798475,0.0005788813766861558,0.9736787732128489,0.9787401650169341,3.1791301785214e-05,1.0730657589925767,1.0317939990313238,0.001703358170299285,0.529406171985189,0.5312020373939965,1.4946579739685504e-06,0.09392934236654402,0.059124707970628756,0.1330860756435025
113,303,qte_noent,forecast,0.049973727758116135,0.06846180281874184,0.00032954822717118744,0.9736787732128489,0.979959502499735,3.9689467337086516e-05,1.0730657589925767,1.0455512523517414,0.000946310094610717,0.529406171985189,0.5302925584961726,2.645119565758949e-06,0.0939153271933172,0.05908577612016097,0.129115519073598
113,303,untrained_qte_noent,forecast,0.05003098385807757,0.09891964540996549,0.00032318194291018273,0.9736787732128489,0.9782321173618511,2.0798920006767864e-05,1.0730657589925767,1.0455512523517414,0.000946310094610717,0.529406171985189,0.5285680158508941,2.436814113063465e-06,0.09426615173910143,0.05925254808786938,0.15314995167932127
113,303,cte,forecast,0.050761326229247124,0.05431219669123172,9.674016989815416e-05,0.9736787732128489,0.976184209493317,9.386833231570407e-06,1.0730657589925767,1.059308505672159,0.00018926201892214276,0.529406171985189,0.5156202969526957,9.15716575407493e-05,0.1058337934680706,0.059828665933723366,0.10918933524855626
113,303,untrained_cte,forecast,0.049958937318991585,0.06726707648679964,0.0015922984633561857,0.9736787732128489,0.9797122533241338,3.6541685640241713e-05,1.0730657589925767,1.0317939990313236,0.004731550473053578,0.529406171985189,0.5316912458224814,8.803231374735774e-06,0.09513167804405379,0.059179658358477084,0.12862418491035554
113,303,mlp_te,forecast,0.051094276423362894,0.05842655270501756,0.0008971041137062649,0.9736787732128489,0.9757280983835677,4.341305148868823e-06,1.0730657589925767,1.0317939990313238,0.002460406245987862,0.529406171985189,0.5273361131803151,0.00022656478998206366,0.09647143748073843,0.06131825016325295,0.10904032246698123
113,303,untrained_mlp_te,forecast,0.05205717524316638,0.16354246462062097,0.004049743283264008,0.9736787732128489,0.9685960271870773,2.6181867846755948e-05,1.0730657589925767,0.9767649857496531,0.010030887002873561,0.529406171985189,0.5839081291746844,0.0020921609790717083,0.0966975123518628,0.06459789148524536,0.2643654684556356
113,303,gru_te,forecast,0.058455581203834164,0.06526668968765428,0.025907160086298377,0.9736787732128489,0.9426679293301217,0.0009985136301713495,1.0730657589925767,0.8391924525454766,0.055453771544187805,0.529406171985189,0.8208275183390354,0.021269195084535973,0.09900619638338799,0.07475752902368028,0.10726358909579436
113,303,untrained_gru_te,forecast,0.058618815963115446,0.127513835829182,0.05590470013630931,0.9736787732128489,0.9091456821548491,0.004181768718040145,1.0730657589925767,0.7153771726617177,0.1281303868102905,0.529406171985189,0.9057010075297618,0.03540194488059728,0.10587911095214578,0.07681875012648473,0.19662766123146888
113,303,pca,reconstruction,0.04963960390705275,0.0007210242457370652,0.001847645099510643,0.9736787732128489,0.9760781868223156,1.667335147973496e-05,1.0730657589925767,1.0042794923904883,0.005488598548742156,0.529406171985189,0.5414448326846942,3.766339831003837e-05,0.08820944249315377,0.059203421427132905,0.009755692470244642
113,303,reduced_rank,forecast,0.049651669529228094,0.04966395669863281,0.000846042716915869,0.9736787732128489,0.9758448370817177,3.779344800679477e-05,1.0730657589925767,1.0317939990313236,0.002460406245987853,0.529406171985189,0.5418456589876152,3.992845675295913e-05,0.0890823529289624,0.05935120308664936,0.08916934963355834
113,303,random_linear,reconstruction,0.04965174321163767,0.02987983138848591,0.0034554054225916886,0.9736787732128489,0.9730044384208021,2.2594378654414966e-05,1.0730657589925767,0.9767649857496531,0.010030887002873561,0.529406171985189,0.5582562516660109,0.0003127348862470909,0.09381079676834606,0.05987648065284076,0.05626543083140656
113,303,persistence,forecast,0.049667823644751384,0.06416105989545515,0.0,0.9736787732128489,0.9736787732128489,0.0,1.0730657589925767,1.0730657589925767,0.0,0.529406171985189,0.529406171985189,0.0,0.08919142139759181,0.059389754161156,0.11245440935539877
127,303,qte,forecast,0.05300601911827274,0.06226263966732671,0.0012921711296720398,0.9833539935206236,0.9853537696514021,1.0278354917025818e-05,1.093701638973203,1.1280947722742471,0.002365775236526777,0.47010145038082723,0.4119327273315524,0.0015004597975723161,0.10774975444536875,0.04999732545961002,0.1111392466904042
127,303,untrained_qte,forecast,0.05303212245466826,0.07355982934223759,0.0008800218976108404,0.9833539935206236,0.9850371184476001,9.350381829781641e-06,1.093701638973203,1.1280947722742471,0.0012302031229939326,0.47010145038082723,0.41329018938132556,0.0014005121880088067,0.10853226982471864,0.050068354637978096,0.11005853320722896
127,303,qte_noent,forecast,0.05312279254066433,0.07416648008526615,0.0007200512993822336,0.9833539935206236,0.9842965572813271,2.8009297867339363e-06,1.093701638973203,1.1143375189538296,0.000851679085149647,0.47010145038082723,0.4146123367306447,0.0013056738832103198,0.10801008873643658,0.0499796659584337,0.11074941568271575
127,303,untrained_qte_noent,forecast,0.05310672312837747,0.108993587657896,0.0007199557252195907,0.9833539935206236,0.9842965572813271,2.8009297867339363e-06,1.093701638973203,1.1143375189538296,0.000851679085149647,0.47010145038082723,0.4146757372451979,0.0013053871607223914,0.10816429217521298,0.05002056707040504,0.13740543767394603
127,303,cte,forecast,0.05265469998202792,0.06104493653902506,0.000788096055202016,0.9833539935206236,0.9707447524403148,0.0001592844105631065,1.093701638973203,1.100580265633412,0.0012302031229939265,0.47010145038082723,0.4730269586012667,0.000974800632049015,0.09806959139113505,0.04933576001431583,0.10978301358825324
127,303,untrained_cte,forecast,0.05324595007602331,0.07092126422715653,0.000635922052152419,0.9833539935206236,0.9828551470141631,7.319241999386768e-06,1.093701638973203,1.100580265633412,9.463100946107291e-05,0.47010145038082723,0.4230256907116481,0.0018058159049967974,0.11052156020884767,0.05030549782045243,0.10859831361590373
127,303,mlp_te,forecast,0.05254713100137602,0.06023943805929733,0.0007706540630953912,0.9833539935206236,0.9807690075626082,9.583404746763396e-06,1.093701638973203,1.0730657589925767,0.001608727160838203,0.47010145038082723,0.5199508178442227,0.000693651623701207,0.09163788573214238,0.04870680389455895,0.12682032294271792
127,303,untrained_mlp_te,forecast,0.0525895413890461,0.16361489423800163,0.0010991578401862848,0.9833539935206236,0.9806330272156192,3.5337384622474695e-05,1.093701638973203,1.0730657589925765,0.0016087271608381999,0.47010145038082723,0.5282769764695152,0.00165340897509818,0.0929436591279537,0.04867016726645321,0.23760429378503564
127,303,gru_te,forecast,0.05788595384599151,0.06151234229965089,0.017999757099585623,0.9833539935206236,0.9553369770358878,0.000824741552523013,1.093701638973203,0.9079787191475648,0.034918842491135284,0.47010145038082723,0.7342472864909364,0.018255687255098574,0.11606096397934307,0.05692771867308563,0.12237820885169577
127,303,untrained_gru_te,forecast,0.06133067980398366,0.13890425330061196,0.041634310560203384,0.9833539935206236,0.9250653108565572,0.003404262420064159,1.093701638973203,0.7979206925842236,0.08866925586502372,0.47010145038082723,0.8284258041700393,0.03282941339552227,0.09957598804145879,0.05940561781611181,0.21627001267585616
127,303,pca,reconstruction,0.05207550378437943,0.0007775151734095449,0.00029374230951114956,0.9833539935206236,0.9834002198918782,1.7116771696916333e-05,1.093701638973203,1.0730657589925765,0.0008516790851496379,0.47010145038082723,0.4631141209211499,1.2431071686894295e-05,0.087177406916472,0.048082951323444,0.010748447338201211
127,303,reduced_rank,forecast,0.05233836464555077,0.05203498468029117,0.00041635983193677396,0.9833539935206236,0.9838667730697372,1.1727640769443954e-05,1.093701638973203,1.059308505672159,0.0012302031229939174,0.47010145038082723,0.4649932754957671,7.148732046960426e-06,0.08627046644225157,0.048163174502287465,0.08712197427626925
127,303,random_linear,reconstruction,0.05253747917315142,0.025837989486658205,0.00038172060983971686,0.9833539935206236,0.9867308054559416,2.0257413361408395e-05,1.093701638973203,1.100580265633412,0.00047315504730535544,0.47010145038082723,0.4256366356088064,0.0006517493688523869,0.09643696993061787,0.049787563638663296,0.06340131306475139
127,303,persistence,forecast,0.05203515812571129,0.07030482926199913,0.0,0.9833539935206236,0.9833539935206236,0.0,1.093701638973203,1.093701638973203,0.0,0.47010145038082723,0.47010145038082723,0.0,0.08711592017592033,0.048130126607224794,0.1094229844921395
139,303,qte,forecast,0.04860217235871417,0.06429339113887442,0.00046686009842484264,0.9867380021886323,0.9860892445420497,2.9901669182455297e-06,1.1280947722742471,1.1556092789150825,0.000946310094610717,0.4722213401733334,0.43220286635551164,0.00045128003374556524,0.10727723100034517,0.05120830908365198,0.128229063538506
139,303,untrained_qte,forecast,0.04862819831087292,0.0738705822078612,0.0004701224359176339,0.9867380021886323,0.9874526882492104,9.30995639417655e-06,1.1280947722742471,1.141852025594665,0.000946310094610717,0.4722213401733334,0.4318405570100947,0.0004547472567480083,0.10750260471723612,0.05121051553235293,0.13884402764400197
139,303,qte_noent,forecast,0.048342593992027234,0.0715375521506374,0.0004843368676022664,0.9867380021886323,0.9861584188707475,4.292043196352898e-07,1.1280947722742471,1.141852025594665,0.000946310094610717,0.4722213401733334,0.4293222383356349,0.000506271303876447,0.10714968276323947,0.05112927405211236,0.1341759681874058
139,303,untrained_qte_noent,forecast,0.048476021167261484,0.09994946294104379,0.0004989543118600334,0.9867380021886323,0.9861584188707475,4.292043196352898e-07,1.1280947722742471,1.141852025594665,0.000946310094610717,0.4722213401733334,0.42732811652470776,0.0005501236366497479,0.10737138433988735,0.051171931005796666,0.1524265675990079
139,303,cte,forecast,0.04872482245639049,0.06612309971798384,0.007810407248443965,0.9867380021886323,0.9904092767396496,1.425652938586343e-05,1.1280947722742471,1.1968810388763353,0.016844319684070692,0.4722213401733334,0.3278213943351742,0.00657264553187534,0.10552431051279121,0.05112018688038206,0.12717542791734474
139,303,untrained_cte,forecast,0.04843910583905507,0.07281800922270504,0.0019268129778693245,0.9867380021886323,0.9881283453052223,2.505239112061722e-06,1.1280947722742471,1.1968810388763353,0.005488598548742146,0.4722213401733334,0.44213073726517627,0.0002893351457537655,0.10542893831201235,0.05105571152787696,0.1385760458251294
139,303,mlp_te,forecast,0.05310519418446038,0.06437238078900134,0.0003809955130986943,0.9867380021886323,0.9863798483305354,1.039574385680042e-05,1.1280947722742471,1.1143375189538296,0.000946310094610723,0.4722213401733334,0.45451836638437704,0.00018628070082855953,0.10585944189390743,0.05647025327914813,0.12149103843428513
139,303,untrained_mlp_te,forecast,0.04640341288639532,0.13452732743776988,0.0027689486839032012,0.9867380021886323,0.9841836611715311,1.1423725111147845e-05,1.1280947722742471,1.1143375189538296,0.00018926201892213973,0.4722213401733334,0.6423145006972328,0.008106160307676316,0.08622547790983906,0.05069826267230131,0.2070997924403105
139,303,gru_te,forecast,0.04881987931770646,0.057694530089175154,0.034598655412146656,0.9867380021886323,0.9530111606321707,0.0014897319485646925,1.1280947722742471,0.8529497058658941,0.07589406958777911,0.4722213401733334,0.7941103366759557,0.026412164700096177,0.09415244081520527,0.060196784565805864,0.10101386845435709
139,303,untrained_gru_te,forecast,0.05570379289291043,0.12766775621692372,0.07917761501715528,0.9867380021886323,0.9234828067628211,0.004004461220529878,1.1280947722742471,0.6878626660208824,0.19399356939519596,0.4722213401733334,0.8691831002358652,0.039534814435740015,0.0966848415415689,0.06397435417149258,0.20767553492913282
139,303,pca,reconstruction,0.04767537374338364,0.0008033247720378987,0.000336571980559184,0.9867380021886323,0.9879458336186917,1.4691136708878712e-06,1.1280947722742471,1.100580265633412,0.0009463100946106985,0.4722213401733334,0.4874031883236819,6.193673339596566e-05,0.08654209149727557,0.05099102821653936,0.010872337682630644
139,303,reduced_rank,forecast,0.04770195151012187,0.04765528089581725,0.0004424145405455609,0.9867380021886323,0.9809792300262418,0.00011735738629028025,1.1280947722742471,1.1556092789150825,0.000946310094610717,0.4722213401733334,0.5024991617083033,0.0002635761407356855,0.08583830845029428,0.05083197123933205,0.08655938558281465
139,303,random_linear,reconstruction,0.047747472315719484,0.023982166867404262,0.0018832205152193898,0.9867380021886323,0.9831870760340833,2.5294091182248738e-05,1.1280947722742471,1.1143375189538296,0.0009463100946106985,0.4722213401733334,0.5978737446985053,0.004678057359865222,0.1077307271837498,0.05436980132504378,0.04786067813570918
139,303,persistence,forecast,0.04765508773587787,0.06401852309485108,0.0,0.9867380021886323,0.9867380021886323,0.0,1.1280947722742471,1.1280947722742471,0.0,0.4722213401733334,0.4722213401733334,0.0,0.08655874020856268,0.05105018342887061,0.11181249395758608
151,303,qte,forecast,0.05140107588569452,0.05810618996420747,0.0007528110248483724,0.9855552725395795,0.9854469732980708,1.4003140751966957e-07,1.0799443856527855,1.0868230123129945,0.00047315504730535544,0.48476084588148194,0.5691667603463747,0.0017851379958322418,0.09308692676629919,0.05579858226157147,0.1155577084720703
151,303,untrained_qte,forecast,0.05118235880655441,0.0650169816501553,0.0008936184251877692,0.9855552725395795,0.9863801093582115,1.7524707188051447e-06,1.0799443856527855,1.0868230123129945,0.00047315504730535544,0.48476084588148194,0.5786811558301348,0.0022059477575391466,0.09274522931332965,0.05572417370146545,0.12697214907791127
151,303,qte_noent,forecast,0.05094338197636908,0.06434798948901867,0.0010090002509550457,0.9855552725395795,0.9855732967981303,3.7172148683739734e-06,1.0799443856527855,1.0868230123129945,0.00047315504730535544,0.48476084588148194,0.5857553186953474,0.002550128490691408,0.09278203946752474,0.055497311297111954,0.12284244616052782
151,303,untrained_qte_noent,forecast,0.05112324065999959,0.1010120475503547,0.0009378728842998358,0.9855552725395795,0.9855732967981303,3.7172148683739734e-06,1.0799443856527855,1.0868230123129945,0.00047315504730535544,0.48476084588148194,0.5814406550079523,0.002336746390725778,0.09260299255826943,0.05572692798492583,0.164940941165524
151,303,cte,forecast,0.05200603302716937,0.05485256604089975,0.0008099477304595967,0.9855552725395795,0.9765642977271931,0.00013108239788501145,1.0799443856527855,1.100580265633412,0.0016087271608382122,0.48476084588148194,0.5366998139594055,0.0006900336326555661,0.10134078163544938,0.057227278939678244,0.11221318548422181
151,303,untrained_cte,forecast,0.05125957946928299,0.06659277508500279,0.0016750614063480108,0.9855552725395795,0.985613030886736,8.558742420802668e-07,1.0799443856527855,1.059308505672159,0.0027442992743710627,0.48476084588148194,0.5801919066434571,0.0022800290704308897,0.09281306651212902,0.055716833457898816,0.13377042267569655
151,303,mlp_te,forecast,0.05421361431195101,0.06568099487657367,0.00194780766352443,0.9855552725395795,0.9820694257273239,2.4194302582439846e-05,1.0799443856527855,1.059308505672159,0.0008516790851496379,0.48476084588148194,0.6255583656187397,0.004967549602841212,0.10139936505090223,0.059472867134191656,0.13827090680270834
151,303,untrained_mlp_te,forecast,0.06558783055813931,0.16824105020649632,0.0022129455245943333,0.9855552725395795,0.9861835252560441,2.7002242467714174e-05,1.0799443856527855,1.0730657589925767,0.003879871387903919,0.48476084588148194,0.38092595843625926,0.0027319629434113665,0.13230413031581695,0.06821305096360923,0.2463856531254593
151,303,gru_te,forecast,0.058385991214260455,0.07244355302845065,0.07921218216319686,0.9855552725395795,0.922670666744754,0.0039599702920807885,1.0799443856527855,0.6465909060596295,0.1878425537802264,0.48476084588148194,0.9127203458077633,0.045834022417283404,0.0977932843459987,0.06187824156540386,0.13373675846658045
151,303,untrained_gru_te,forecast,0.05717992274628699,0.12976325412959702,0.0612062230613688,0.9855552725395795,0.9101927734911635,0.005871057627203358,1.0799443856527855,0.7153771726617177,0.1329565682928051,0.48476084588148194,0.907006006102179,0.04479104326409794,0.10131360786306154,0.06022716180902582,0.19164390316515653
151,303,pca,reconstruction,0.051418129806329656,0.0007257909399622904,0.0007289596592221992,0.9855552725395795,0.9850428331860057,4.2139028131641274e-05,1.0799443856527855,1.0455512523517414,0.0012302031229939234,0.48476084588148194,0.5440452870571073,0.0009145368265410332,0.09136292810085848,0.055352537303555306,0.010278928971245516
151,303,reduced_rank,forecast,0.05134035903315898,0.05138129145732669,0.00030003747967685126,0.9855552725395795,0.9842939250750168,7.135682082873127e-06,1.0799443856527855,1.0730657589925767,9.463100946106986e-05,0.48476084588148194,0.5405910624638739,0.0007983457474866108,0.09226505681499575,0.05500834007300637,0.09237511201496178
151,303,random_linear,reconstruction,0.051312287982274836,0.03523169984610106,0.0009551053607546414,0.9855552725395795,0.9789090491793069,0.00011615753046117751,1.0799443856527855,1.1280947722742471,0.0027442992743710627,0.48476084588148194,0.48629670873119224,4.859277431683931e-06,0.09707842074910325,0.054777910407542825,0.05736348757257539
151,303,persistence,forecast,0.051382950949534774,0.06427618413065125,0.0,0.9855552725395795,0.9855552725395795,0.0,1.0799443856527855,1.0799443856527855,0.0,0.48476084588148194,0.48476084588148194,0.0,0.09241224813470554,0.05501495327373114,0.11496458640642422
163,303,qte,forecast,0.0669003536946262,0.07194488262134112,0.00010334796471965282,0.9743311605144798,0.9670801198336592,6.17780962314083e-05,1.0799443856527855,1.0868230123129945,9.463100946107291e-05,0.4856458122457604,0.4625382047238147,0.0001536347884664772,0.1186788309855253,0.06450352385229008,0.1250304159117217
163,303,untrained_qte,forecast,0.06679544749492575,0.07973361575629467,0.00012014736164346599,0.9743311605144798,0.9663352056337156,9.8940573067049e-05,1.0799443856527855,1.0868230123129945,9.463100946107291e-05,0.4856458122457604,0.4629623831781628,0.00016687050240227604,0.12312945682412613,0.06464023826085538,0.12996885843617606
163,303,qte_noent,forecast,0.06686187826535053,0.08027707465161606,9.077003358384255e-05,0.9743311605144798,0.9690837828107388,3.0080324904984837e-05,1.0799443856527855,1.0868230123129945,9.463100946107291e-05,0.4856458122457604,0.4635135920235004,0.0001475987663854699,0.11907536001692762,0.06430348421993713,0.12340911844485014
163,303,untrained_qte_noent,forecast,0.06682401116863387,0.11063842852666188,9.588057167077883e-05,0.9743311605144798,0.9692111199489708,2.8370070868928745e-05,1.0799443856527855,1.0868230123129945,9.463100946107291e-05,0.4856458122457604,0.4619637087941125,0.00016464063468233481,0.11776580985054748,0.06451316824607958,0.15292528000816655
163,303,cte,forecast,0.061104910309765226,0.06776911845131711,0.00010126814956045504,0.9743311605144798,0.9694910447661498,0.00010351934942436173,1.0799443856527855,1.0730657589925765,9.463100946106986e-05,0.4856458122457604,0.4652332137811064,0.00010565408979593355,0.12505685833288235,0.05878519223087283,0.11724847525056152
163,303,untrained_cte,forecast,0.06309782815463764,0.08067481098501325,0.000430255594199333,0.9743311605144798,0.9704130860793364,2.1378131685895794e-05,1.0799443856527855,1.1143375189538296,0.0012302031229939234,0.4856458122457604,0.47860756652597497,3.918552791817961e-05,0.12854258541627978,0.061294576587496465,0.1362729420947768
163,303,mlp_te,forecast,0.05842490770915327,0.07633081828431691,0.001774796012541415,0.9743311605144798,0.9793782245872947,9.55448600038015e-05,1.0799443856527855,1.018036745710906,0.005015443501436773,0.4856458122457604,0.5145624630443706,0.00021339967618367103,0.09726762248576801,0.05618060373672738,0.1481163896909163
163,303,untrained_mlp_te,forecast,0.058805494796709004,0.16512248945062893,0.00045457962575660234,0.9743311605144798,0.9790866474588322,5.675721086567754e-05,1.0799443856527855,1.0730657589925767,0.0012302031229939234,0.4856458122457604,0.493800705344676,7.677854341020587e-05,0.09995044484362423,0.05591174350460834,0.25297078598145
163,303,gru_te,forecast,0.07042460121962435,0.07639644987933149,0.011412773156490315,0.9743311605144798,0.9504311910512582,0.0007515093341274111,1.0799443856527855,0.9354932257884001,0.02091345309089676,0.4856458122457604,0.7096219568691993,0.012573357044446776,0.11084306617164177,0.06486421334259698,0.11475465799045144
163,303,untrained_gru_te,forecast,0.06907886439009661,0.1368887126019539,0.043981786308283824,0.9743311605144798,0.9053830313034554,0.004812525632902684,1.0799443856527855,0.7841634392638059,0.08866925586502376,0.4856458122457604,0.8776313980736277,0.038463577426925015,0.10766298804611193,0.06313568670715218,0.22157272781135298
163,303,pca,reconstruction,0.05772259332624557,0.0007347210312350248,0.00017895186206969804,0.9743311605144798,0.9771284760006369,8.8774040927239e-06,1.0799443856527855,1.0868230123129945,0.00047315504730535544,0.4856458122457604,0.49584023693166973,5.482313481101477e-05,0.09170949057580909,0.054677047770644555,0.010571330320393662
163,303,reduced_rank,forecast,0.05792488524857673,0.05781381102528177,0.00031826453084776393,0.9743311605144798,0.9769902171871188,3.694677062220634e-05,1.0799443856527855,1.059308505672159,0.0008516790851496379,0.4856458122457604,0.4974082818963336,6.616773677144749e-05,0.09102690319164035,0.05461119378320146,0.0919254181448495
163,303,random_linear,reconstruction,0.05797798774207902,0.013727826182819583,0.0004372699194785321,0.9743311605144798,0.968877747403422,5.0916978550051324e-05,1.0799443856527855,1.0455512523517414,0.0012302031229939234,0.4856458122457604,0.4932490597053288,3.068965689162155e-05,0.0918436558489446,0.05462288445785931,0.025350463334801503
163,303,persistence,forecast,0.05781365159683231,0.07667506499843349,0.0,0.9743311605144798,0.9743311605144798,0.0,1.0799443856527855,1.0799443856527855,0.0,0.4856458122457604,0.4856458122457604,0.0,0.09192312647548366,0.05475649035457742,0.11545636636199888
179,303,qte,forecast,0.05769931843625434,0.06942516115366776,9.081785637558201e-05,0.9766469207053057,0.9823311886091546,3.843447906919976e-05,1.093701638973203,1.0868230123129943,9.463100946106986e-05,0.5441584156090432,0.5211510474732931,0.0001393880805964764,0.10194242849769541,0.05614448633959711,0.11107374145424165
179,303,untrained_qte,forecast,0.05769467099286821,0.0783004926313399,0.00023215659092865515,0.9766469207053057,0.9826676128572905,3.843539029706235e-05,1.093701638973203,1.0730657589925767,0.0004731550473053493,0.5441584156090432,0.5192868470346237,0.00018487933518355383,0.10177999241087043,0.05616772275437913,0.12062911850001992
179,303,qte_noent,forecast,0.05790892256375843,0.07635010053658549,0.0001283027244629404,0.9766469207053057,0.9805748016977199,3.023015788679644e-05,1.093701638973203,1.0868230123129943,9.463100946106986e-05,0.5441584156090432,0.5156145480880436,0.0002600470060409549,0.10209679024494416,0.05621550759521704,0.12029087821466362
179,303,untrained_qte_noent,forecast,0.057865242861084236,0.10749360065751692,0.00012105777182606361,0.9766469207053057,0.9805748016977199,3.023015788679644e-05,1.093701638973203,1.0868230123129943,9.463100946106986e-05,0.5441584156090432,0.516724256821891,0.0002383121481303245,0.10197961319230868,0.05625451250920449,0.15023699648272243
179,303,cte,forecast,0.059694083514423985,0.07208523416192751,0.00047868053473330065,0.9766469207053057,0.9871051294872207,0.0001189818193390826,1.093701638973203,1.100580265633412,0.0012302031229939265,0.5441584156090432,0.530933939795598,8.685666186689278e-05,0.11304416532702186,0.057388785449339036,0.11094400459298197
179,303,untrained_cte,forecast,0.05767750662602904,0.07835987892530161,0.000545879236467831,0.9766469207053057,0.9778588958666267,8.357493329458644e-06,1.093701638973203,1.059308505672159,0.0016087271608381999,0.5441584156090432,0.538201912265728,2.0553055235834405e-05,0.10154339085074797,0.05602542944879094,0.12247061909370538
179,303,mlp_te,forecast,0.05992169418833869,0.07538101775567124,0.0012672821144246575,0.9766469207053057,0.9838260751207962,5.251532595405303e-05,1.093701638973203,1.0455512523517414,0.002365775236526768,0.5441584156090432,0.4956927886491084,0.0013835557807931518,0.10203740843328377,0.05639604514145592,0.11256493246955915
179,303,untrained_mlp_te,forecast,0.060069402388044923,0.1727746286781126,0.0007624255593089429,0.9766469207053057,0.9671571045341255,9.005723355833472e-05,1.093701638973203,1.1280947722742471,0.0016087271608382153,0.5441584156090432,0.5017239131274263,0.0005884922835302786,0.10461722408106067,0.0574058393765113,0.24937708472089204
179,303,gru_te,forecast,0.06459569873226015,0.07627498215200294,0.021282976074812873,0.9766469207053057,0.9528140418955479,0.001031035445350545,1.093701638973203,0.8804642125067295,0.047788659777840956,0.5441584156090432,0.7868079662923083,0.015029233001247116,0.09627693290567872,0.06228405942473049,0.12188292851876951
179,303,untrained_gru_te,forecast,0.07169123009013333,0.15825050372075938,0.050783179879879535,0.9766469207053057,0.894140919658408,0.007124581678370364,1.093701638973203,0.7566489326229706,0.11932970293041079,0.5441584156090432,0.8608283192685284,0.02589525503085746,0.1026905448647627,0.06812665210843813,0.22533818957126064
179,303,pca,reconstruction,0.055987760518242294,0.0007704200742933686,3.877899358872696e-05,0.9766469207053057,0.9754550663488148,1.4453755029954683e-06,1.093701638973203,1.0868230123129943,9.463100946106986e-05,0.5441584156090432,0.551441318373654,2.026059580211556e-05,0.09410069711873001,0.05515501333795395,0.00981663075489339
179,303,reduced_rank,forecast,0.0560769047282811,0.05614218857875741,0.0001738171657799783,0.9766469207053057,0.9779419804931397,3.1367421249682284e-06,1.093701638973203,1.0730657589925767,0.0004731550473053493,0.5441584156090432,0.5407573313729224,4.515970790961735e-05,0.09675811306666735,0.055512953629655,0.09698220333448708
179,303,random_linear,reconstruction,0.05635185715782936,0.033499820665827046,0.0004374838626991861,0.9766469207053057,0.9756246779634552,1.3488068059975518e-05,1.093701638973203,1.1280947722742471,0.0012302031229939326,0.5441584156090432,0.5463345619003175,6.876039704365028e-05,0.096391187376591,0.05572358812342239,0.06621391572436731
179,303,persistence,forecast,0.05614376590368199,0.06978114156641604,0.0,0.9766469207053057,0.9766469207053057,0.0,1.093701638973203,1.093701638973203,0.0,0.5441584156090432,0.5441584156090432,0.0,0.09706486490826043,0.05557581046666576,0.11812216580912045
191,303,qte,forecast,0.059378453521851074,0.06660559120173375,0.0005441800156792117,0.9847895988620639,0.9885839830007644,1.863622747361961e-05,1.0386726256915324,1.0317939990313236,9.46310094610714e-05,0.5427687528094643,0.5308506406056923,0.0015192728101029443,0.11529905870261051,0.06127287639095748,0.1256522849409289
191,303,untrained_qte,forecast,0.06058087916792333,0.07249276198590807,0.0005455246527903984,0.9847895988620639,0.9888077796866601,1.9513209533464297e-05,1.0386726256915324,1.0317939990313236,9.46310094610714e-05,0.5427687528094643,0.5303392263491775,0.0015224297393766593,0.11196397151817047,0.061844492766781944,0.13673743732935267
191,303,qte_noent,forecast,0.05933703122910428,0.07398801270579154,0.0006615722754779441,0.9847895988620639,0.9884067991722509,1.808399965783708e-05,1.0386726256915324,1.018036745710906,0.00047315504730535083,0.5427687528094643,0.5294964954312971,0.0014934777794706443,0.12001443326632821,0.06063611379567577,0.13688295891069435
191,303,untrained_qte_noent,forecast,0.05982764268146881,0.09884510655770021,0.0006700885904332244,0.9847895988620639,0.9887920279195084,1.9444929638062472e-05,1.0386726256915324,1.018036745710906,0.00047315504730535083,0.5427687528094643,0.5248437900694061,0.00151766579435626,0.11628362017746985,0.06119246098697329,0.15347767220612923
191,303,cte,forecast,0.05344190335247415,0.06659667931685992,0.0010919409355157194,0.9847895988620639,0.9863105345874446,1.1321724305504319e-05,1.0386726256915324,1.0180367457109059,0.0027442992743710705,0.5427687528094643,0.5415450308448732,0.0005202018078705833,0.09827375894144066,0.05576015203830733,0.11726714915388123
191,303,untrained_cte,forecast,0.05912510320357815,0.07269673010600727,0.0013456154503968458,0.9847895988620639,0.987659493469442,1.3497577705037714e-05,1.0386726256915324,0.9905222390700708,0.0027442992743710645,0.5427687528094643,0.5341311098511119,0.001279049499114435,0.1144528998875225,0.06081974722906583,0.13583593756440684
191,303,mlp_te,forecast,0.05948548965299233,0.06813452249590486,0.0008644497069395464,0.9847895988620639,0.9897621932311356,2.4898580275275938e-05,1.0386726256915324,1.018036745710906,0.00047315504730535083,0.5427687528094643,0.5077881503845348,0.0020952954932380126,0.09892796366016837,0.06123560518930069,0.11460290909354902
191,303,untrained_mlp_te,forecast,0.056699174145622484,0.16231781525089023,0.0011822564690073417,0.9847895988620639,0.9929538896920982,7.170302803536144e-05,1.0386726256915324,1.018036745710906,0.0027442992743710766,0.5427687528094643,0.5925902746256844,0.0007307671046155872,0.0939201588619722,0.0586464474132213,0.24810211807007937
191,303,gru_te,forecast,0.062411365839615526,0.06707076216619007,0.018314306670815184,0.9847895988620639,0.976768474673765,0.00010760375803256351,1.0386726256915324,0.8391924525454766,0.04097522709664382,0.5427687528094643,0.7767582921915765,0.013860089157769165,0.09354009595937571,0.06643956395810413,0.1087280980013023
191,303,untrained_gru_te,forecast,0.05607365054184919,0.1293453076909902,0.048236430845380665,0.9847895988620639,0.9357906970661922,0.0027402704106713575,1.0386726256915324,0.7153771726617177,0.10835250583292651,0.5427687528094643,0.8972551450944383,0.03361651629254411,0.08493111518999646,0.06522160297868505,0.2023034193077958
191,303,pca,reconstruction,0.052351797227007765,0.0008167970124739513,0.00013373351018125025,0.9847895988620639,0.981142489533235,2.4368892672345403e-05,1.0386726256915324,1.0455512523517414,9.46310094610714e-05,0.5427687528094643,0.5439305743204073,0.0002822006284103339,0.08761138102097357,0.054966839261324126,0.010172501746178017
191,303,reduced_rank,forecast,0.05246553639480936,0.05247541146664437,0.00047039580106177504,0.9847895988620639,0.982027230402378,1.5772460369689806e-05,1.0386726256915324,1.0730657589925765,0.001230203122993928,0.5427687528094643,0.5392074326704521,0.00016521181982170733,0.09147976823193313,0.055270713667125104,0.09149378595952966
191,303,random_linear,reconstruction,0.05251760189223952,0.009525846047276472,0.0002811290621354669,0.9847895988620639,0.9822039766986203,8.154933971180904e-06,1.0386726256915324,1.059308505672159,0.00047315504730535696,0.5427687528094643,0.5471589470893693,0.0003620772051298629,0.088055355729582,0.055096901844602225,0.02693117598567042
191,303,persistence,forecast,0.0524743280905821,0.06260030300589718,0.0,0.9847895988620639,0.9847895988620639,0.0,1.0386726256915324,1.0386726256915324,0.0,0.5427687528094643,0.5427687528094643,0.0,0.0915132729275614,0.05523922784793445,0.116311126190119
211,303,qte,forecast,0.0592818397412206,0.07121049453235366,0.000465350294368164,0.979447433722158,0.9843210981491222,2.3872728070538223e-05,1.066187132332368,1.059308505672159,0.0012302031229939234,0.5897619320750958,0.5760422970709711,0.00014197503204003035,0.12435967980577231,0.05822306354596074,0.13555915982919145
211,303,untrained_qte,forecast,0.05901253132678206,0.07899810026489801,0.00047178603250803833,0.979447433722158,0.983337953276308,1.5755236427591163e-05,1.066187132332368,1.059308505672159,0.0012302031229939234,0.5897619320750958,0.5810221843887806,0.0001693997381026004,0.126809141234343,0.05828602170756339,0.1524585954059792
211,303,qte_noent,forecast,0.059117862056206075,0.08005122331162894,0.00046052955344963475,0.979447433722158,0.9840096076115646,2.0996043637405084e-05,1.066187132332368,1.059308505672159,0.0012302031229939234,0.5897619320750958,0.5807927971174611,0.0001303894937175758,0.12703613309177533,0.058391856004270215,0.15394712230875943
211,303,untrained_qte_noent,forecast,0.05909121006253796,0.1147746504740099,0.00046954698458359325,0.979447433722158,0.983091618607812,1.5089973349530035e-05,1.066187132332368,1.059308505672159,0.0012302031229939234,0.5897619320750958,0.5805047874481346,0.0001633478574073262,0.1270706089121964,0.058337125929908334,0.17677490919276656
211,303,cte,forecast,0.06945492686579444,0.07189032541750419,0.0017369731028855722,0.979447433722158,0.9877425432482372,9.11869179699301e-05,1.066187132332368,1.0042794923904883,0.005015443501436773,0.5897619320750958,0.5742943918057324,0.00010428888925001371,0.13318999867642017,0.06512932422003309,0.13567557224430044
211,303,untrained_cte,forecast,0.05887835993274975,0.07604968551252046,0.00022920210342116756,0.979447433722158,0.9834635059561567,1.6299729429718634e-05,1.066187132332368,1.0730657589925767,0.00047315504730535544,0.5897619320750958,0.5782567639436782,0.0001981515335284286,0.12451026725880225,0.057969639485978774,0.14843808529689223
211,303,mlp_te,forecast,0.054885056692805044,0.07669507639895791,0.0016125303657635382,0.979447433722158,0.9789446884233857,8.198360332732898e-05,1.066187132332368,1.1280947722742471,0.00425839542574819,0.5897619320750958,0.6092836343111694,0.0004972120682150965,0.09440997751647065,0.054740937416979385,0.1289268023046403
211,303,untrained_mlp_te,forecast,0.054670274482533,0.1959358854938087,0.0005213193363292825,0.979447433722158,0.9757542893028652,2.122355454857141e-05,1.066187132332368,1.059308505672159,0.0012302031229939234,0.5897619320750958,0.6249609027217208,0.00031253133144535283,0.0962800736645251,0.05475798626925454,0.26168979443829865
211,303,gru_te,forecast,0.06195895283419345,0.0730689105816842,0.03865570491199981,0.979447433722158,0.9154195213198077,0.004110126055836015,1.066187132332368,0.7566489326229707,0.096996784697598,0.5897619320750958,0.8335440493969747,0.014860203982565426,0.0921220241021458,0.06046128193055758,0.10861411545299741
211,303,untrained_gru_te,forecast,0.06454721556180254,0.1372767685509801,0.07777953504217108,0.979447433722158,0.8963615984380444,0.0071158697736219256,1.066187132332368,0.6190763994187942,0.19995532299124355,0.5897619320750958,0.9138512270287826,0.02626741236164777,0.09194395713551873,0.0641280188628133,0.19642784731702018
211,303,pca,reconstruction,0.05379021267983372,0.000742213547782974,0.00017929827852623774,0.979447433722158,0.9757440317911752,1.4189203755649705e-05,1.066187132332368,1.0730657589925767,0.00047315504730535544,0.5897619320750958,0.599698305928635,5.055058451770807e-05,0.09155990556201019,0.05370655619761024,0.010263473189545461
211,303,reduced_rank,forecast,0.05349094955705746,0.05357746861469626,0.00037005853897594665,0.979447433722158,0.9678078578940776,0.0001732463434393384,1.066187132332368,1.0455512523517414,0.0008516790851496379,0.5897619320750958,0.5994566912396337,8.525018833886371e-05,0.09322804215081713,0.05408096062640494,0.09330987247090645
211,303,random_linear,reconstruction,0.05597330866150408,0.047548220765988906,0.0009226918995803922,0.979447433722158,0.9801319648715042,8.599772164471927e-05,1.066187132332368,1.100580265633412,0.0016087271608382153,0.5897619320750958,0.5244639203240241,0.0010733508162582425,0.11840850412415686,0.05757496741111971,0.06649244251733791
211,303,persistence,forecast,0.053491623534679206,0.06609773721391138,0.0,0.979447433722158,0.979447433722158,0.0,1.066187132332368,1.066187132332368,0.0,0.5897619320750958,0.5897619320750958,0.0,0.09508144460829311,0.0543463553756768,0.11108594684802912
