endpoint,data_seed,model_cases,identity_loss,validation_loss,baseline_loss,distance_loss,components_loss,latent_loss,baseline_minus_distance_loss
shifted_probe,113,14,9.863509130029634e-05,2.008206647777326e-05,3.860657558102358e-05,3.9209680383900726e-05,3.546385403713026e-05,3.543831781746181e-05,-6.031048028771454e-07
shifted_probe,127,14,5.180521421980554e-05,8.083936407469467e-05,4.9010768960940285e-05,4.7995137103498195e-05,4.5402463972907196e-05,4.430694272206192e-05,1.0156318574420901e-06
shifted_probe,139,14,4.3780828249854834e-05,0.00012545763025428617,7.946771529900681e-05,8.182022661310771e-05,8.009305665507474e-05,6.469835586986738e-05,-2.352511314100903e-06
shifted_probe,151,14,0.00020511603118718847,5.073504288612558e-05,0.00011173634372256192,0.00011446748199223612,0.00011627150797465585,0.00011722705841373038,-2.731138269674205e-06
shifted_probe,163,14,0.00017279165246703796,0.00011864643242625079,4.814481084217647e-05,4.84315530508049e-05,4.974522174588669e-05,9.163013303212266e-05,-2.867422086284298e-07
shifted_probe,179,14,2.9496462623660873e-05,6.433729256911381e-05,5.210507800492857e-05,5.3512310827253224e-05,4.880951503651369e-05,2.159108666904379e-05,-1.4072328223246539e-06
shifted_probe,191,14,7.910340434127382e-05,0.00010795002962294417,4.738583766110502e-05,4.9877780602991667e-05,5.795560833178619e-05,5.682234430706168e-05,-2.4919429418866483e-06
shifted_probe,211,14,0.0002527067528294405,0.00027013037363544256,0.0001618470037249344,0.00016111271515341458,0.0001546272718517318,0.00020487187497894292,7.342885715198259e-07
id_probe,113,14,4.5299946840589644e-05,9.03501041995354e-05,7.665989406070077e-05,7.713832201707207e-05,7.709006122735428e-05,6.984983914865306e-05,-4.784279563713e-07
id_probe,127,14,6.0282692415119805e-05,4.8622958238432575e-05,5.4570102932300915e-05,5.335903893771943e-05,5.2931079609379166e-05,4.755626641655317e-05,1.2110639945814836e-06
id_probe,139,14,2.68944585220633e-05,1.8474474930706717e-05,1.584381300472845e-05,1.516528629477849e-05,1.521027255769869e-05,9.305252116337962e-06,6.785267099499616e-07
id_probe,151,14,1.4190803483391853e-05,5.009829854379185e-06,7.282553239459443e-06,7.952472667767739e-06,9.510633839285722e-06,1.2176698039961057e-05,-6.699194283082953e-07
id_probe,163,14,2.355361501880514e-05,7.063738986199654e-06,8.33177171636084e-06,1.0520875989279492e-05,1.1363045922451938e-05,1.3795089922048097e-05,-2.1891042729186523e-06
id_probe,179,14,1.9007405511886758e-06,5.865000377187293e-06,2.9953629144354826e-06,2.7974110964126627e-06,2.9761352053275187e-06,1.0303141170429784e-06,1.979518180228199e-07
id_probe,191,14,1.154309492182037e-05,9.029041420119938e-06,5.811879453322901e-06,9.424339038793374e-06,9.800929761810549e-06,8.699591711671493e-06,-3.6124595854704734e-06
id_probe,211,14,9.121671638720573e-06,2.491732521696117e-06,3.1185956065793773e-06,3.7840399964414786e-06,3.568714832548043e-06,5.962539635931836e-06,-6.654443898621012e-07
shifted_native,113,12,9.619934903599014e-05,0.00011470325669671405,8.36820044836497e-05,8.210021914783317e-05,8.423723262157672e-05,7.807821484762701e-05,1.5817853358165301e-06
shifted_native,127,12,0.00022191656491736845,0.00023647443245943607,0.00022977251367718496,0.0002361372552832332,0.00023572110543344468,0.00019493572257751088,-6.364741606048241e-06
shifted_native,139,12,0.00021244671730612566,9.664489077990259e-05,7.281249233892822e-05,6.984552381186108e-05,8.261825038196337e-05,0.00024021137072183154,2.966968527067139e-06
shifted_native,151,12,0.00010655363792102043,0.00011542720755819171,9.15630794582506e-05,0.00012022007807224723,0.0001032971276696822,6.184299932770266e-05,-2.8656998613996634e-05
shifted_native,163,12,9.61123524946735e-05,0.00017497483500842324,0.00010220320140403442,0.00010462533512452277,9.999965480958732e-05,9.649846267978244e-05,-2.422133720488348e-06
shifted_native,179,12,0.00011645013998301116,0.0001512528054741679,0.00013172479841351534,0.0001245394996395252,0.00012647271562054704,0.00013471603327293728,7.185298773990133e-06
shifted_native,191,12,3.3813863621317393e-05,6.929432114053347e-05,4.086989920297295e-05,3.968278883196314e-05,3.908844747609293e-05,3.248841783479635e-05,1.1871103710098108e-06
shifted_native,211,12,0.0003033822407716727,0.00019316609893852823,0.00018318348037835725,0.00020379522451122805,0.00022250924496351876,0.00018526626693329384,-2.0611744132870797e-05
