data_seed,model,partition,sequence_index,native_mse
113,zero_output,test_id,0,0.07879680238998138
113,training_mean,test_id,0,0.07624188571086603
113,zero_output,test_id,1,0.08646712238355717
113,training_mean,test_id,1,0.08035774171914131
113,zero_output,test_id,2,0.08991582518487531
113,training_mean,test_id,2,0.08716600902595212
113,zero_output,test_id,3,0.09396428995921911
113,training_mean,test_id,3,0.09204294136957895
113,zero_output,test_mean_shift,0,0.17837536747587301
113,training_mean,test_mean_shift,0,0.1697777321107711
113,zero_output,test_mean_shift,1,0.24604679657495823
113,training_mean,test_mean_shift,1,0.24260212301983777
113,zero_output,test_mean_shift,2,0.21486984890670383
113,training_mean,test_mean_shift,2,0.20968064194707128
113,zero_output,test_mean_shift,3,0.20370487580839275
113,training_mean,test_mean_shift,3,0.19718228258896373
113,zero_output,test_variance_shift,0,0.11550516265857452
113,training_mean,test_variance_shift,0,0.1168664400708272
113,zero_output,test_variance_shift,1,0.13885939849738
113,training_mean,test_variance_shift,1,0.1345701061473431
113,zero_output,test_variance_shift,2,0.13505059118599763
113,training_mean,test_variance_shift,2,0.13669840519777016
113,zero_output,test_variance_shift,3,0.11174911633257421
113,training_mean,test_variance_shift,3,0.1138803413135792
113,zero_output,test_persistence_shift,0,0.06201718588766263
113,training_mean,test_persistence_shift,0,0.05937041601459858
113,zero_output,test_persistence_shift,1,0.0683379202247771
113,training_mean,test_persistence_shift,1,0.06904641008481187
113,zero_output,test_persistence_shift,2,0.0649567418131689
113,training_mean,test_persistence_shift,2,0.05996636709411175
113,zero_output,test_persistence_shift,3,0.061670617367588686
113,training_mean,test_persistence_shift,3,0.054712064865295326
113,zero_output,test_noise_shift,0,0.11872708621114453
113,training_mean,test_noise_shift,0,0.11622551739563522
113,zero_output,test_noise_shift,1,0.11576783069150488
113,training_mean,test_noise_shift,1,0.11617657411239149
113,zero_output,test_noise_shift,2,0.12590646029119953
113,training_mean,test_noise_shift,2,0.13137298028620334
113,zero_output,test_noise_shift,3,0.11423085349066688
113,training_mean,test_noise_shift,3,0.1115880726640474
113,zero_output,test_combined_shift,0,0.21579011251856442
113,training_mean,test_combined_shift,0,0.19547250385100823
113,zero_output,test_combined_shift,1,0.27741861250228006
113,training_mean,test_combined_shift,1,0.2626716589826226
113,zero_output,test_combined_shift,2,0.24275867564956569
113,training_mean,test_combined_shift,2,0.2187782281490537
113,zero_output,test_combined_shift,3,0.24116496881179286
113,training_mean,test_combined_shift,3,0.22034841769633046
127,zero_output,test_id,0,0.06381390765234247
127,training_mean,test_id,0,0.06407657390197144
127,zero_output,test_id,1,0.06226993248787695
127,training_mean,test_id,1,0.06420109001109553
127,zero_output,test_id,2,0.07108209364727397
127,training_mean,test_id,2,0.07099813393402
127,zero_output,test_id,3,0.08003186473520633
127,training_mean,test_id,3,0.07879245615045778
127,zero_output,test_mean_shift,0,0.16009209914892622
127,training_mean,test_mean_shift,0,0.16144401491950816
127,zero_output,test_mean_shift,1,0.1745719738127506
127,training_mean,test_mean_shift,1,0.1761670376453719
127,zero_output,test_mean_shift,2,0.15763624829714448
127,training_mean,test_mean_shift,2,0.1583115296648565
127,zero_output,test_mean_shift,3,0.15556173970247808
127,training_mean,test_mean_shift,3,0.15738685163236044
127,zero_output,test_variance_shift,0,0.14332320802788204
127,training_mean,test_variance_shift,0,0.14468092660071027
127,zero_output,test_variance_shift,1,0.10244631858250461
127,training_mean,test_variance_shift,1,0.10253959537162669
127,zero_output,test_variance_shift,2,0.12504830549039397
127,training_mean,test_variance_shift,2,0.12710065462620235
127,zero_output,test_variance_shift,3,0.11720127380585203
127,training_mean,test_variance_shift,3,0.11605966754517631
127,zero_output,test_persistence_shift,0,0.06433510478359797
127,training_mean,test_persistence_shift,0,0.06500231703275058
127,zero_output,test_persistence_shift,1,0.08564161628555367
127,training_mean,test_persistence_shift,1,0.08341630976524726
127,zero_output,test_persistence_shift,2,0.05673457099406091
127,training_mean,test_persistence_shift,2,0.05927824167273063
127,zero_output,test_persistence_shift,3,0.07870363230907697
127,training_mean,test_persistence_shift,3,0.08069340788565912
127,zero_output,test_noise_shift,0,0.12265702629115098
127,training_mean,test_noise_shift,0,0.1249003872669191
127,zero_output,test_noise_shift,1,0.12008643877283572
127,training_mean,test_noise_shift,1,0.12247434729645064
127,zero_output,test_noise_shift,2,0.1153983657530239
127,training_mean,test_noise_shift,2,0.11381511753257394
127,zero_output,test_noise_shift,3,0.1254273762129953
127,training_mean,test_noise_shift,3,0.12821182631474343
127,zero_output,test_combined_shift,0,0.21961764499496966
127,training_mean,test_combined_shift,0,0.22390201569182588
127,zero_output,test_combined_shift,1,0.2223627127610793
127,training_mean,test_combined_shift,1,0.22581223132234224
127,zero_output,test_combined_shift,2,0.19897201948182286
127,training_mean,test_combined_shift,2,0.20281602735225454
127,zero_output,test_combined_shift,3,0.22359439968746622
127,training_mean,test_combined_shift,3,0.22258272331995843
139,zero_output,test_id,0,0.07746223739241737
139,training_mean,test_id,0,0.07720368609908469
139,zero_output,test_id,1,0.07366700167068789
139,training_mean,test_id,1,0.07420352379894524
139,zero_output,test_id,2,0.07278626817510048
139,training_mean,test_id,2,0.07490836747509345
139,zero_output,test_id,3,0.0684851572282892
139,training_mean,test_id,3,0.06946293465769816
139,zero_output,test_mean_shift,0,0.16076758713855965
139,training_mean,test_mean_shift,0,0.14925098823628488
139,zero_output,test_mean_shift,1,0.17944686858024672
139,training_mean,test_mean_shift,1,0.17243395350208315
139,zero_output,test_mean_shift,2,0.17800290307109842
139,training_mean,test_mean_shift,2,0.17009420326535166
139,zero_output,test_mean_shift,3,0.17463484286444353
139,training_mean,test_mean_shift,3,0.16708074307018067
139,zero_output,test_variance_shift,0,0.13577144494865867
139,training_mean,test_variance_shift,0,0.13315716238330316
139,zero_output,test_variance_shift,1,0.1113818445319062
139,training_mean,test_variance_shift,1,0.10722188835159947
139,zero_output,test_variance_shift,2,0.12896585521053316
139,training_mean,test_variance_shift,2,0.134035690160725
139,zero_output,test_variance_shift,3,0.11907883404503347
139,training_mean,test_variance_shift,3,0.12201405980781213
139,zero_output,test_persistence_shift,0,0.07322587802548705
139,training_mean,test_persistence_shift,0,0.07718619446600591
139,zero_output,test_persistence_shift,1,0.07397784091062126
139,training_mean,test_persistence_shift,1,0.07261106450868851
139,zero_output,test_persistence_shift,2,0.044127039669407044
139,training_mean,test_persistence_shift,2,0.041906833291177135
139,zero_output,test_persistence_shift,3,0.07175213092446119
139,training_mean,test_persistence_shift,3,0.06217254942795342
139,zero_output,test_noise_shift,0,0.1186582095505937
139,training_mean,test_noise_shift,0,0.11869931787003435
139,zero_output,test_noise_shift,1,0.12528825512290329
139,training_mean,test_noise_shift,1,0.12478404149120452
139,zero_output,test_noise_shift,2,0.12917789810082692
139,training_mean,test_noise_shift,2,0.12626933929830747
139,zero_output,test_noise_shift,3,0.11371780198375075
139,training_mean,test_noise_shift,3,0.11068429353528506
139,zero_output,test_combined_shift,0,0.21981434027919625
139,training_mean,test_combined_shift,0,0.20710645156728197
139,zero_output,test_combined_shift,1,0.18877624614521007
139,training_mean,test_combined_shift,1,0.1727687405735775
139,zero_output,test_combined_shift,2,0.1886382848490674
139,training_mean,test_combined_shift,2,0.17393533355147006
139,zero_output,test_combined_shift,3,0.20105618741694195
139,training_mean,test_combined_shift,3,0.18332924324411004
151,zero_output,test_id,0,0.07888565736300551
151,training_mean,test_id,0,0.07692226773862826
151,zero_output,test_id,1,0.07728369046521395
151,training_mean,test_id,1,0.07723255009269503
151,zero_output,test_id,2,0.07839525288831588
151,training_mean,test_id,2,0.07582043906264095
151,zero_output,test_id,3,0.07397057962758143
151,training_mean,test_id,3,0.07383314815102451
151,zero_output,test_mean_shift,0,0.1711036178599015
151,training_mean,test_mean_shift,0,0.16709662208318124
151,zero_output,test_mean_shift,1,0.17808864652513026
151,training_mean,test_mean_shift,1,0.1760516152156687
151,zero_output,test_mean_shift,2,0.19256726965920337
151,training_mean,test_mean_shift,2,0.19009751399527464
151,zero_output,test_mean_shift,3,0.18784247917114538
151,training_mean,test_mean_shift,3,0.18369025698356056
151,zero_output,test_variance_shift,0,0.12280684677103908
151,training_mean,test_variance_shift,0,0.12137293972327337
151,zero_output,test_variance_shift,1,0.15383532295688773
151,training_mean,test_variance_shift,1,0.1565534612433916
151,zero_output,test_variance_shift,2,0.103515485230158
151,training_mean,test_variance_shift,2,0.10451508013216178
151,zero_output,test_variance_shift,3,0.12793802223606807
151,training_mean,test_variance_shift,3,0.1285782173678377
151,zero_output,test_persistence_shift,0,0.05821682063761613
151,training_mean,test_persistence_shift,0,0.05536872891618564
151,zero_output,test_persistence_shift,1,0.06355337944890234
151,training_mean,test_persistence_shift,1,0.0632736743044157
151,zero_output,test_persistence_shift,2,0.07180734063541322
151,training_mean,test_persistence_shift,2,0.06990887518544742
151,zero_output,test_persistence_shift,3,0.07030515160421459
151,training_mean,test_persistence_shift,3,0.0694127255504342
151,zero_output,test_noise_shift,0,0.12179916832726234
151,training_mean,test_noise_shift,0,0.12129071201117747
151,zero_output,test_noise_shift,1,0.11578445271023308
151,training_mean,test_noise_shift,1,0.11560202445324756
151,zero_output,test_noise_shift,2,0.11567125061427372
151,training_mean,test_noise_shift,2,0.11542541301636626
151,zero_output,test_noise_shift,3,0.10548880874237535
151,training_mean,test_noise_shift,3,0.10365664980371277
151,zero_output,test_combined_shift,0,0.23349928233546768
151,training_mean,test_combined_shift,0,0.22419048151058807
151,zero_output,test_combined_shift,1,0.22894527995628836
151,training_mean,test_combined_shift,1,0.2195345370373252
151,zero_output,test_combined_shift,2,0.20943529403633254
151,training_mean,test_combined_shift,2,0.20825361384879917
151,zero_output,test_combined_shift,3,0.21888002854507316
151,training_mean,test_combined_shift,3,0.21400728840777267
163,zero_output,test_id,0,0.08105396376800193
163,training_mean,test_id,0,0.07773087376297746
163,zero_output,test_id,1,0.06763767584828864
163,training_mean,test_id,1,0.06925430819237843
163,zero_output,test_id,2,0.0857201415397354
163,training_mean,test_id,2,0.08827937563156807
163,zero_output,test_id,3,0.08140461523183745
163,training_mean,test_id,3,0.08077667075873561
163,zero_output,test_mean_shift,0,0.20687843393377425
163,training_mean,test_mean_shift,0,0.19927263234004594
163,zero_output,test_mean_shift,1,0.17434947075574658
163,training_mean,test_mean_shift,1,0.16264498061660476
163,zero_output,test_mean_shift,2,0.19949433631448207
163,training_mean,test_mean_shift,2,0.1903178334207303
163,zero_output,test_mean_shift,3,0.16358427361130062
163,training_mean,test_mean_shift,3,0.15192481705415042
163,zero_output,test_variance_shift,0,0.12165886395811018
163,training_mean,test_variance_shift,0,0.12183754453624512
163,zero_output,test_variance_shift,1,0.12700234423574203
163,training_mean,test_variance_shift,1,0.12494448154185071
163,zero_output,test_variance_shift,2,0.10472197479041341
163,training_mean,test_variance_shift,2,0.10165433540449414
163,zero_output,test_variance_shift,3,0.13104345515660112
163,training_mean,test_variance_shift,3,0.12826804126738672
163,zero_output,test_persistence_shift,0,0.060041721474756275
163,training_mean,test_persistence_shift,0,0.05551881916671392
163,zero_output,test_persistence_shift,1,0.1060880506109712
163,training_mean,test_persistence_shift,1,0.09963834248841286
163,zero_output,test_persistence_shift,2,0.09998305583245913
163,training_mean,test_persistence_shift,2,0.08937316873809267
163,zero_output,test_persistence_shift,3,0.08242548327448875
163,training_mean,test_persistence_shift,3,0.08421733575704302
163,zero_output,test_noise_shift,0,0.11089836191554676
163,training_mean,test_noise_shift,0,0.11475512214627126
163,zero_output,test_noise_shift,1,0.11909039537137603
163,training_mean,test_noise_shift,1,0.11782528502205677
163,zero_output,test_noise_shift,2,0.12274122806403975
163,training_mean,test_noise_shift,2,0.1261858674464635
163,zero_output,test_noise_shift,3,0.11172041177692113
163,training_mean,test_noise_shift,3,0.1084370123612726
163,zero_output,test_combined_shift,0,0.2292577204323352
163,training_mean,test_combined_shift,0,0.21426719943433795
163,zero_output,test_combined_shift,1,0.236417793593241
163,training_mean,test_combined_shift,1,0.21990474521883038
163,zero_output,test_combined_shift,2,0.21799253512650837
163,training_mean,test_combined_shift,2,0.19945724683159524
163,zero_output,test_combined_shift,3,0.2764473780952194
163,training_mean,test_combined_shift,3,0.26450068541105437
179,zero_output,test_id,0,0.0833846116000382
179,training_mean,test_id,0,0.0855097381935919
179,zero_output,test_id,1,0.083781134933107
179,training_mean,test_id,1,0.08596995814059637
179,zero_output,test_id,2,0.07813599732959016
179,training_mean,test_id,2,0.08038879865596488
179,zero_output,test_id,3,0.071558687639014
179,training_mean,test_id,3,0.07401042533434872
179,zero_output,test_mean_shift,0,0.1600638462936777
179,training_mean,test_mean_shift,0,0.1652663795444514
179,zero_output,test_mean_shift,1,0.1760919064725346
179,training_mean,test_mean_shift,1,0.18288802600823154
179,zero_output,test_mean_shift,2,0.15509617741094386
179,training_mean,test_mean_shift,2,0.15831979293169263
179,zero_output,test_mean_shift,3,0.17590436338640744
179,training_mean,test_mean_shift,3,0.1808346399340423
179,zero_output,test_variance_shift,0,0.11673473994534782
179,training_mean,test_variance_shift,0,0.11804988636280646
179,zero_output,test_variance_shift,1,0.11818325188788355
179,training_mean,test_variance_shift,1,0.11799627626393618
179,zero_output,test_variance_shift,2,0.115682289949855
179,training_mean,test_variance_shift,2,0.11422139820353518
179,zero_output,test_variance_shift,3,0.11382989406922775
179,training_mean,test_variance_shift,3,0.11439132581810017
179,zero_output,test_persistence_shift,0,0.11010240378886
179,training_mean,test_persistence_shift,0,0.1099726377359724
179,zero_output,test_persistence_shift,1,0.08265513501855132
179,training_mean,test_persistence_shift,1,0.08340840264790923
179,zero_output,test_persistence_shift,2,0.05961011113634818
179,training_mean,test_persistence_shift,2,0.061412690266824735
179,zero_output,test_persistence_shift,3,0.07724928162367926
179,training_mean,test_persistence_shift,3,0.08133189302529566
179,zero_output,test_noise_shift,0,0.12567610516943117
179,training_mean,test_noise_shift,0,0.127213081848642
179,zero_output,test_noise_shift,1,0.11714792270753334
179,training_mean,test_noise_shift,1,0.12026973087299023
179,zero_output,test_noise_shift,2,0.1366396104169955
179,training_mean,test_noise_shift,2,0.13951929588133916
179,zero_output,test_noise_shift,3,0.12517801425000527
179,training_mean,test_noise_shift,3,0.12550071292331766
179,zero_output,test_combined_shift,0,0.2607996265508058
179,training_mean,test_combined_shift,0,0.27037073664211103
179,zero_output,test_combined_shift,1,0.19614490508624177
179,training_mean,test_combined_shift,1,0.20913363417413544
179,zero_output,test_combined_shift,2,0.24415726052628103
179,training_mean,test_combined_shift,2,0.25631519647006357
179,zero_output,test_combined_shift,3,0.20566812537109863
179,training_mean,test_combined_shift,3,0.2128715016363607
191,zero_output,test_id,0,0.07815326528348111
191,training_mean,test_id,0,0.07914105740160643
191,zero_output,test_id,1,0.08400967227708221
191,training_mean,test_id,1,0.08656628307866236
191,zero_output,test_id,2,0.09118090743933754
191,training_mean,test_id,2,0.08620896305888524
191,zero_output,test_id,3,0.0686336646536907
191,training_mean,test_id,3,0.06691203876668081
191,zero_output,test_mean_shift,0,0.2112626975581853
191,training_mean,test_mean_shift,0,0.20369650023188868
191,zero_output,test_mean_shift,1,0.23421029867516083
191,training_mean,test_mean_shift,1,0.2265963004484312
191,zero_output,test_mean_shift,2,0.17054065037587823
191,training_mean,test_mean_shift,2,0.16203731538182237
191,zero_output,test_mean_shift,3,0.15011936713269625
191,training_mean,test_mean_shift,3,0.14191961861633143
191,zero_output,test_variance_shift,0,0.1438099038227603
191,training_mean,test_variance_shift,0,0.14752150510563267
191,zero_output,test_variance_shift,1,0.1481722876850484
191,training_mean,test_variance_shift,1,0.151744552406164
191,zero_output,test_variance_shift,2,0.10245165817689991
191,training_mean,test_variance_shift,2,0.09778967066527183
191,zero_output,test_variance_shift,3,0.14137833758574636
191,training_mean,test_variance_shift,3,0.138560927874235
191,zero_output,test_persistence_shift,0,0.10304966957110807
191,training_mean,test_persistence_shift,0,0.10655491083627747
191,zero_output,test_persistence_shift,1,0.0660574532704825
191,training_mean,test_persistence_shift,1,0.059329682642118686
191,zero_output,test_persistence_shift,2,0.0786040314846072
191,training_mean,test_persistence_shift,2,0.08109123101260685
191,zero_output,test_persistence_shift,3,0.08660624195302118
191,training_mean,test_persistence_shift,3,0.08981257608325072
191,zero_output,test_noise_shift,0,0.10890140299871517
191,training_mean,test_noise_shift,0,0.11232640926790873
191,zero_output,test_noise_shift,1,0.10743623745488105
191,training_mean,test_noise_shift,1,0.10603261433214325
191,zero_output,test_noise_shift,2,0.12640518953018576
191,training_mean,test_noise_shift,2,0.126808138270186
191,zero_output,test_noise_shift,3,0.11989480503266166
191,training_mean,test_noise_shift,3,0.11779634686720412
191,zero_output,test_combined_shift,0,0.22935898782546382
191,training_mean,test_combined_shift,0,0.213870303720779
191,zero_output,test_combined_shift,1,0.20941011825540765
191,training_mean,test_combined_shift,1,0.20130530784803388
191,zero_output,test_combined_shift,2,0.17623378167293888
191,training_mean,test_combined_shift,2,0.16213027595859275
191,zero_output,test_combined_shift,3,0.23624920140743155
191,training_mean,test_combined_shift,3,0.22086358267693557
211,zero_output,test_id,0,0.08059030843179472
211,training_mean,test_id,0,0.08155155100553799
211,zero_output,test_id,1,0.0813767389909882
211,training_mean,test_id,1,0.08061022238676288
211,zero_output,test_id,2,0.07323801151072946
211,training_mean,test_id,2,0.0733187772709164
211,zero_output,test_id,3,0.07446349606500575
211,training_mean,test_id,3,0.07497852738091842
211,zero_output,test_mean_shift,0,0.18831618113795023
211,training_mean,test_mean_shift,0,0.18657344370809056
211,zero_output,test_mean_shift,1,0.19276890178709558
211,training_mean,test_mean_shift,1,0.1922713142952511
211,zero_output,test_mean_shift,2,0.1949513865801825
211,training_mean,test_mean_shift,2,0.19406941959292337
211,zero_output,test_mean_shift,3,0.18384344986374598
211,training_mean,test_mean_shift,3,0.18453756283475625
211,zero_output,test_variance_shift,0,0.12045058260804398
211,training_mean,test_variance_shift,0,0.12190598353138762
211,zero_output,test_variance_shift,1,0.15756353303495477
211,training_mean,test_variance_shift,1,0.1547177834417796
211,zero_output,test_variance_shift,2,0.1241286907387327
211,training_mean,test_variance_shift,2,0.12490837051636779
211,zero_output,test_variance_shift,3,0.1174480840825368
211,training_mean,test_variance_shift,3,0.11942824534851464
211,zero_output,test_persistence_shift,0,0.09712661391664955
211,training_mean,test_persistence_shift,0,0.09967415788541376
211,zero_output,test_persistence_shift,1,0.07315191165146076
211,training_mean,test_persistence_shift,1,0.07355574832662347
211,zero_output,test_persistence_shift,2,0.06374895999797986
211,training_mean,test_persistence_shift,2,0.06449565578547115
211,zero_output,test_persistence_shift,3,0.09480719414168563
211,training_mean,test_persistence_shift,3,0.09280010572769999
211,zero_output,test_noise_shift,0,0.11667101897188688
211,training_mean,test_noise_shift,0,0.11594818662372998
211,zero_output,test_noise_shift,1,0.1097513975944623
211,training_mean,test_noise_shift,1,0.11076183486138111
211,zero_output,test_noise_shift,2,0.11282932852721435
211,training_mean,test_noise_shift,2,0.11223263382753955
211,zero_output,test_noise_shift,3,0.10596593518088003
211,training_mean,test_noise_shift,3,0.10778157622101504
211,zero_output,test_combined_shift,0,0.24311747958516852
211,training_mean,test_combined_shift,0,0.2393510824316975
211,zero_output,test_combined_shift,1,0.26644642278258496
211,training_mean,test_combined_shift,1,0.26312564427702456
211,zero_output,test_combined_shift,2,0.25123554026122774
211,training_mean,test_combined_shift,2,0.25080365543917643
211,zero_output,test_combined_shift,3,0.23111303613159775
211,training_mean,test_combined_shift,3,0.234887881497215
